<?xml version="1.0"?>
<document>

  <properties>
    <title>OpenJMS Release Notes</title>
    <author email="tma@netspace.net.au">Tim Anderson</author>
  </properties>

  <body>
    <section name="OpenJMS 0.7.7-alpha-3 Released">
      <p>
        The OpenJMS team is pleased to announce the release of OpenJMS 
        0.7.7-alpha-3.
      </p>
      <p>
        <a href="downloads.html">http://openjms.sourceforge.net/downloads.html</a>
      </p>
      <p>
        This contains the following changes since 0.7.7-alpha-2:
        <ul>
          <li>Fixed shutdown of server via admin API. This blocked in alpha-2
          </li>
        </ul>
      </p>

      <subsection name="Known Issues">
        <p>
          <ul>
            <li>Persistent messages using the default database (Derby) are 
                currently limited to 32K.
            </li>
          </ul>
        </p>
      </subsection>

      <p>
        To see a list of changes to OpenJMS, please refer to the
        <a href="changes-report.html#0_7_7-dev">Changes Report</a>
      </p>
      <p>
        We hope you enjoy using OpenJMS! If you have any questions,
        please consult:
        <ul>
          <li>
            the FAQ: <a href="faq.html">http://openjms.sourceforge.net/faq.html</a>
          </li>
          <li>
            the openjms-user mailing list: <a href="mail-lists.html">
            http://openjms.sourceforge.net/mail-lists.html</a>
          </li>        
        </ul>
      </p>
      <p>
        <i>- The OpenJMS team</i>
      </p>
    </section>
  </body>
</document>

