<?xml version="1.0" encoding="UTF-8"?>
<specificationSet xmlns="http://www.yawl.fit.qut.edu.au/" xmlns:xsi="http://www.w3.org/2001/XMLSchema-instance" version="Beta 7.1" xsi:schemaLocation="http://www.yawl.fit.qut.edu.au/ d:/yawl/schema/YAWL_SchemaBeta7.1.xsd">
  <specification uri="Casualty_Treatment2">
    <metaData>
      <title>Casualty Treatment2</title>
      <creator>Default</creator>
      <description>a test description</description>
      <version>0.1</version>
    </metaData>
    <schema xmlns="http://www.w3.org/2001/XMLSchema" />
    <decomposition id="Casualty_Treatment2" isRootNet="true" xsi:type="NetFactsType">
      <localVariable>
        <name>AbdominalPain</name>
        <type>boolean</type>
        <namespace>http://www.w3.org/2001/XMLSchema</namespace>
        <initialValue>0</initialValue>
      </localVariable>
      <localVariable>
        <name>Age</name>
        <type>double</type>
        <namespace>http://www.w3.org/2001/XMLSchema</namespace>
        <initialValue>21</initialValue>
      </localVariable>
      <localVariable>
        <name>DiastolicBP</name>
        <type>long</type>
        <namespace>http://www.w3.org/2001/XMLSchema</namespace>
        <initialValue>80</initialValue>
      </localVariable>
      <localVariable>
        <name>Fever</name>
        <type>boolean</type>
        <namespace>http://www.w3.org/2001/XMLSchema</namespace>
        <initialValue>0</initialValue>
      </localVariable>
      <localVariable>
        <name>Fracture</name>
        <type>boolean</type>
        <namespace>http://www.w3.org/2001/XMLSchema</namespace>
        <initialValue>0</initialValue>
      </localVariable>
      <localVariable>
        <name>HeartRate</name>
        <type>long</type>
        <namespace>http://www.w3.org/2001/XMLSchema</namespace>
        <initialValue>72</initialValue>
      </localVariable>
      <localVariable>
        <name>Height</name>
        <type>double</type>
        <namespace>http://www.w3.org/2001/XMLSchema</namespace>
        <initialValue>1.80</initialValue>
      </localVariable>
      <localVariable>
        <name>Name</name>
        <type>string</type>
        <namespace>http://www.w3.org/2001/XMLSchema</namespace>
        <initialValue>Buster Legg</initialValue>
      </localVariable>
      <localVariable>
        <name>Notes</name>
        <type>string</type>
        <namespace>http://www.w3.org/2001/XMLSchema</namespace>
        <initialValue />
      </localVariable>
      <localVariable>
        <name>PatientID</name>
        <type>string</type>
        <namespace>http://www.w3.org/2001/XMLSchema</namespace>
        <initialValue>1234567</initialValue>
      </localVariable>
      <localVariable>
        <name>Pharmacy</name>
        <type>string</type>
        <namespace>http://www.w3.org/2001/XMLSchema</namespace>
        <initialValue />
      </localVariable>
      <localVariable>
        <name>Rash</name>
        <type>boolean</type>
        <namespace>http://www.w3.org/2001/XMLSchema</namespace>
        <initialValue>0</initialValue>
      </localVariable>
      <localVariable>
        <name>Sex</name>
        <type>string</type>
        <namespace>http://www.w3.org/2001/XMLSchema</namespace>
        <initialValue>M</initialValue>
      </localVariable>
      <localVariable>
        <name>SystolicBP</name>
        <type>long</type>
        <namespace>http://www.w3.org/2001/XMLSchema</namespace>
        <initialValue>120</initialValue>
      </localVariable>
      <localVariable>
        <name>Treatment</name>
        <type>string</type>
        <namespace>http://www.w3.org/2001/XMLSchema</namespace>
        <initialValue />
      </localVariable>
      <localVariable>
        <name>Weight</name>
        <type>double</type>
        <namespace>http://www.w3.org/2001/XMLSchema</namespace>
        <initialValue>85.0</initialValue>
      </localVariable>
      <localVariable>
        <name>Wound</name>
        <type>boolean</type>
        <namespace>http://www.w3.org/2001/XMLSchema</namespace>
        <initialValue>0</initialValue>
      </localVariable>
      <processControlElements>
        <inputCondition id="InputCondition_1">
          <flowsInto>
            <nextElementRef id="Admit_5" />
          </flowsInto>
        </inputCondition>
        <task id="Admit_5">
          <flowsInto>
            <nextElementRef id="Triage_6" />
          </flowsInto>
          <join code="xor" />
          <split code="and" />
          <startingMappings>
            <mapping>
              <expression query="&lt;Weight&gt;{number(/Casualty_Treatment2/Weight/text())}&lt;/Weight&gt;" />
              <mapsTo>Weight</mapsTo>
            </mapping>
            <mapping>
              <expression query="&lt;DiastolicBP&gt;{number(/Casualty_Treatment2/DiastolicBP/text())}&lt;/DiastolicBP&gt;" />
              <mapsTo>DiastolicBP</mapsTo>
            </mapping>
            <mapping>
              <expression query="&lt;Sex&gt;{/Casualty_Treatment2/Sex/text()}&lt;/Sex&gt;" />
              <mapsTo>Sex</mapsTo>
            </mapping>
            <mapping>
              <expression query="&lt;PatientID&gt;{/Casualty_Treatment2/PatientID/text()}&lt;/PatientID&gt;" />
              <mapsTo>PatientID</mapsTo>
            </mapping>
            <mapping>
              <expression query="&lt;Height&gt;{number(/Casualty_Treatment2/Height/text())}&lt;/Height&gt;" />
              <mapsTo>Height</mapsTo>
            </mapping>
            <mapping>
              <expression query="&lt;HeartRate&gt;{number(/Casualty_Treatment2/HeartRate/text())}&lt;/HeartRate&gt;" />
              <mapsTo>HeartRate</mapsTo>
            </mapping>
            <mapping>
              <expression query="&lt;SystolicBP&gt;{number(/Casualty_Treatment2/SystolicBP/text())}&lt;/SystolicBP&gt;" />
              <mapsTo>SystolicBP</mapsTo>
            </mapping>
            <mapping>
              <expression query="&lt;Name&gt;{/Casualty_Treatment2/Name/text()}&lt;/Name&gt;" />
              <mapsTo>Name</mapsTo>
            </mapping>
            <mapping>
              <expression query="&lt;Age&gt;{number(/Casualty_Treatment2/Age/text())}&lt;/Age&gt;" />
              <mapsTo>Age</mapsTo>
            </mapping>
          </startingMappings>
          <completedMappings>
            <mapping>
              <expression query="&lt;Height&gt;{number(/Admit/Height/text())}&lt;/Height&gt;" />
              <mapsTo>Height</mapsTo>
            </mapping>
            <mapping>
              <expression query="&lt;SystolicBP&gt;{number(/Admit/SystolicBP/text())}&lt;/SystolicBP&gt;" />
              <mapsTo>SystolicBP</mapsTo>
            </mapping>
            <mapping>
              <expression query="&lt;Weight&gt;{number(/Admit/Weight/text())}&lt;/Weight&gt;" />
              <mapsTo>Weight</mapsTo>
            </mapping>
            <mapping>
              <expression query="&lt;DiastolicBP&gt;{number(/Admit/DiastolicBP/text())}&lt;/DiastolicBP&gt;" />
              <mapsTo>DiastolicBP</mapsTo>
            </mapping>
            <mapping>
              <expression query="&lt;Age&gt;{number(/Admit/Age/text())}&lt;/Age&gt;" />
              <mapsTo>Age</mapsTo>
            </mapping>
            <mapping>
              <expression query="&lt;HeartRate&gt;{number(/Admit/HeartRate/text())}&lt;/HeartRate&gt;" />
              <mapsTo>HeartRate</mapsTo>
            </mapping>
            <mapping>
              <expression query="&lt;Sex&gt;{/Admit/Sex/text()}&lt;/Sex&gt;" />
              <mapsTo>Sex</mapsTo>
            </mapping>
          </completedMappings>
          <decomposesTo id="Admit" />
        </task>
        <task id="Triage_6">
          <flowsInto>
            <nextElementRef id="Treat_4" />
          </flowsInto>
          <join code="xor" />
          <split code="and" />
          <startingMappings>
            <mapping>
              <expression query="&lt;PatientID&gt;{/Casualty_Treatment2/PatientID/text()}&lt;/PatientID&gt;" />
              <mapsTo>PatientID</mapsTo>
            </mapping>
            <mapping>
              <expression query="&lt;Fever&gt;{/Casualty_Treatment2/Fever/text()}&lt;/Fever&gt;" />
              <mapsTo>Fever</mapsTo>
            </mapping>
            <mapping>
              <expression query="&lt;Rash&gt;{/Casualty_Treatment2/Rash/text()}&lt;/Rash&gt;" />
              <mapsTo>Rash</mapsTo>
            </mapping>
            <mapping>
              <expression query="&lt;Wound&gt;{/Casualty_Treatment2/Wound/text()}&lt;/Wound&gt;" />
              <mapsTo>Wound</mapsTo>
            </mapping>
            <mapping>
              <expression query="&lt;Name&gt;{/Casualty_Treatment2/Name/text()}&lt;/Name&gt;" />
              <mapsTo>Name</mapsTo>
            </mapping>
            <mapping>
              <expression query="&lt;AbdominalPain&gt;{/Casualty_Treatment2/AbdominalPain/text()}&lt;/AbdominalPain&gt;" />
              <mapsTo>AbdominalPain</mapsTo>
            </mapping>
            <mapping>
              <expression query="&lt;Fracture&gt;{/Casualty_Treatment2/Fracture/text()}&lt;/Fracture&gt;" />
              <mapsTo>Fracture</mapsTo>
            </mapping>
          </startingMappings>
          <completedMappings>
            <mapping>
              <expression query="&lt;Wound&gt;{/Triage/Wound/text()}&lt;/Wound&gt;" />
              <mapsTo>Wound</mapsTo>
            </mapping>
            <mapping>
              <expression query="&lt;Fever&gt;{/Triage/Fever/text()}&lt;/Fever&gt;" />
              <mapsTo>Fever</mapsTo>
            </mapping>
            <mapping>
              <expression query="&lt;AbdominalPain&gt;{/Triage/AbdominalPain/text()}&lt;/AbdominalPain&gt;" />
              <mapsTo>AbdominalPain</mapsTo>
            </mapping>
            <mapping>
              <expression query="&lt;Fracture&gt;{/Triage/Fracture/text()}&lt;/Fracture&gt;" />
              <mapsTo>Fracture</mapsTo>
            </mapping>
            <mapping>
              <expression query="&lt;Rash&gt;{/Triage/Rash/text()}&lt;/Rash&gt;" />
              <mapsTo>Rash</mapsTo>
            </mapping>
          </completedMappings>
          <decomposesTo id="Triage" />
        </task>
        <task id="Treat_4">
          <flowsInto>
            <nextElementRef id="Discharge_3" />
          </flowsInto>
          <join code="xor" />
          <split code="and" />
          <startingMappings>
            <mapping>
              <expression query="&lt;PatientID&gt;{/Casualty_Treatment2/PatientID/text()}&lt;/PatientID&gt;" />
              <mapsTo>PatientID</mapsTo>
            </mapping>
            <mapping>
              <expression query="&lt;Sex&gt;{/Casualty_Treatment2/Sex/text()}&lt;/Sex&gt;" />
              <mapsTo>Sex</mapsTo>
            </mapping>
            <mapping>
              <expression query="&lt;DiastolicBP&gt;{number(/Casualty_Treatment2/DiastolicBP/text())}&lt;/DiastolicBP&gt;" />
              <mapsTo>DiastolicBP</mapsTo>
            </mapping>
            <mapping>
              <expression query="&lt;Notes&gt;{/Casualty_Treatment2/Notes/text()}&lt;/Notes&gt;" />
              <mapsTo>Notes</mapsTo>
            </mapping>
            <mapping>
              <expression query="&lt;Height&gt;{number(/Casualty_Treatment2/Height/text())}&lt;/Height&gt;" />
              <mapsTo>Height</mapsTo>
            </mapping>
            <mapping>
              <expression query="&lt;HeartRate&gt;{number(/Casualty_Treatment2/HeartRate/text())}&lt;/HeartRate&gt;" />
              <mapsTo>HeartRate</mapsTo>
            </mapping>
            <mapping>
              <expression query="&lt;Pharmacy&gt;{/Casualty_Treatment2/Pharmacy/text()}&lt;/Pharmacy&gt;" />
              <mapsTo>Pharmacy</mapsTo>
            </mapping>
            <mapping>
              <expression query="&lt;SystolicBP&gt;{number(/Casualty_Treatment2/SystolicBP/text())}&lt;/SystolicBP&gt;" />
              <mapsTo>SystolicBP</mapsTo>
            </mapping>
            <mapping>
              <expression query="&lt;Fracture&gt;{/Casualty_Treatment2/Fracture/text()}&lt;/Fracture&gt;" />
              <mapsTo>Fracture</mapsTo>
            </mapping>
            <mapping>
              <expression query="&lt;Age&gt;{number(/Casualty_Treatment2/Age/text())}&lt;/Age&gt;" />
              <mapsTo>Age</mapsTo>
            </mapping>
            <mapping>
              <expression query="&lt;Treatment&gt;{/Casualty_Treatment2/Treatment/text()}&lt;/Treatment&gt;" />
              <mapsTo>Treatment</mapsTo>
            </mapping>
            <mapping>
              <expression query="&lt;Weight&gt;{number(/Casualty_Treatment2/Weight/text())}&lt;/Weight&gt;" />
              <mapsTo>Weight</mapsTo>
            </mapping>
            <mapping>
              <expression query="&lt;Fever&gt;{/Casualty_Treatment2/Fever/text()}&lt;/Fever&gt;" />
              <mapsTo>Fever</mapsTo>
            </mapping>
            <mapping>
              <expression query="&lt;Rash&gt;{/Casualty_Treatment2/Rash/text()}&lt;/Rash&gt;" />
              <mapsTo>Rash</mapsTo>
            </mapping>
            <mapping>
              <expression query="&lt;Wound&gt;{/Casualty_Treatment2/Wound/text()}&lt;/Wound&gt;" />
              <mapsTo>Wound</mapsTo>
            </mapping>
            <mapping>
              <expression query="&lt;Name&gt;{/Casualty_Treatment2/Name/text()}&lt;/Name&gt;" />
              <mapsTo>Name</mapsTo>
            </mapping>
            <mapping>
              <expression query="&lt;AbdominalPain&gt;{/Casualty_Treatment2/AbdominalPain/text()}&lt;/AbdominalPain&gt;" />
              <mapsTo>AbdominalPain</mapsTo>
            </mapping>
          </startingMappings>
          <completedMappings>
            <mapping>
              <expression query="&lt;Pharmacy&gt;{/Treat/Pharmacy/text()}&lt;/Pharmacy&gt;" />
              <mapsTo>Pharmacy</mapsTo>
            </mapping>
            <mapping>
              <expression query="&lt;Treatment&gt;{/Treat/Treatment/text()}&lt;/Treatment&gt;" />
              <mapsTo>Treatment</mapsTo>
            </mapping>
            <mapping>
              <expression query="&lt;Notes&gt;{/Treat/Notes/text()}&lt;/Notes&gt;" />
              <mapsTo>Notes</mapsTo>
            </mapping>
          </completedMappings>
          <decomposesTo id="Treat" />
        </task>
        <task id="Discharge_3">
          <flowsInto>
            <nextElementRef id="OutputCondition_2" />
          </flowsInto>
          <join code="xor" />
          <split code="and" />
          <startingMappings>
            <mapping>
              <expression query="&lt;PatientID&gt;{/Casualty_Treatment2/PatientID/text()}&lt;/PatientID&gt;" />
              <mapsTo>PatientID</mapsTo>
            </mapping>
            <mapping>
              <expression query="&lt;Notes&gt;{/Casualty_Treatment2/Notes/text()}&lt;/Notes&gt;" />
              <mapsTo>Notes</mapsTo>
            </mapping>
            <mapping>
              <expression query="&lt;Pharmacy&gt;{/Casualty_Treatment2/Pharmacy/text()}&lt;/Pharmacy&gt;" />
              <mapsTo>Pharmacy</mapsTo>
            </mapping>
            <mapping>
              <expression query="&lt;Name&gt;{/Casualty_Treatment2/Name/text()}&lt;/Name&gt;" />
              <mapsTo>Name</mapsTo>
            </mapping>
            <mapping>
              <expression query="&lt;Treatment&gt;{/Casualty_Treatment2/Treatment/text()}&lt;/Treatment&gt;" />
              <mapsTo>Treatment</mapsTo>
            </mapping>
          </startingMappings>
          <decomposesTo id="Discharge" />
        </task>
        <outputCondition id="OutputCondition_2" />
      </processControlElements>
    </decomposition>
    <decomposition id="Treat" xsi:type="WebServiceGatewayFactsType">
      <inputParam>
        <name>PatientID</name>
        <type>string</type>
        <namespace>http://www.w3.org/2001/XMLSchema</namespace>
      </inputParam>
      <inputParam>
        <name>Sex</name>
        <type>string</type>
        <namespace>http://www.w3.org/2001/XMLSchema</namespace>
      </inputParam>
      <inputParam>
        <name>DiastolicBP</name>
        <type>long</type>
        <namespace>http://www.w3.org/2001/XMLSchema</namespace>
      </inputParam>
      <inputParam>
        <name>Notes</name>
        <type>string</type>
        <namespace>http://www.w3.org/2001/XMLSchema</namespace>
      </inputParam>
      <inputParam>
        <name>Height</name>
        <type>double</type>
        <namespace>http://www.w3.org/2001/XMLSchema</namespace>
      </inputParam>
      <inputParam>
        <name>HeartRate</name>
        <type>long</type>
        <namespace>http://www.w3.org/2001/XMLSchema</namespace>
      </inputParam>
      <inputParam>
        <name>Pharmacy</name>
        <type>string</type>
        <namespace>http://www.w3.org/2001/XMLSchema</namespace>
      </inputParam>
      <inputParam>
        <name>SystolicBP</name>
        <type>long</type>
        <namespace>http://www.w3.org/2001/XMLSchema</namespace>
      </inputParam>
      <inputParam>
        <name>Fracture</name>
        <type>boolean</type>
        <namespace>http://www.w3.org/2001/XMLSchema</namespace>
      </inputParam>
      <inputParam>
        <name>Age</name>
        <type>long</type>
        <namespace>http://www.w3.org/2001/XMLSchema</namespace>
      </inputParam>
      <inputParam>
        <name>Treatment</name>
        <type>string</type>
        <namespace>http://www.w3.org/2001/XMLSchema</namespace>
      </inputParam>
      <inputParam>
        <name>Weight</name>
        <type>double</type>
        <namespace>http://www.w3.org/2001/XMLSchema</namespace>
      </inputParam>
      <inputParam>
        <name>Fever</name>
        <type>boolean</type>
        <namespace>http://www.w3.org/2001/XMLSchema</namespace>
      </inputParam>
      <inputParam>
        <name>Rash</name>
        <type>boolean</type>
        <namespace>http://www.w3.org/2001/XMLSchema</namespace>
      </inputParam>
      <inputParam>
        <name>Wound</name>
        <type>boolean</type>
        <namespace>http://www.w3.org/2001/XMLSchema</namespace>
      </inputParam>
      <inputParam>
        <name>Name</name>
        <type>string</type>
        <namespace>http://www.w3.org/2001/XMLSchema</namespace>
      </inputParam>
      <inputParam>
        <name>AbdominalPain</name>
        <type>boolean</type>
        <namespace>http://www.w3.org/2001/XMLSchema</namespace>
      </inputParam>
      <outputParam>
        <name>Notes</name>
        <type>string</type>
        <namespace>http://www.w3.org/2001/XMLSchema</namespace>
      </outputParam>
      <outputParam>
        <name>Pharmacy</name>
        <type>string</type>
        <namespace>http://www.w3.org/2001/XMLSchema</namespace>
      </outputParam>
      <outputParam>
        <name>Treatment</name>
        <type>string</type>
        <namespace>http://www.w3.org/2001/XMLSchema</namespace>
      </outputParam>
      <yawlService id="http://localhost:8080/workletService/ib" />
    </decomposition>
    <decomposition id="Triage" xsi:type="WebServiceGatewayFactsType">
      <inputParam>
        <name>PatientID</name>
        <type>string</type>
        <namespace>http://www.w3.org/2001/XMLSchema</namespace>
      </inputParam>
      <inputParam>
        <name>Fever</name>
        <type>boolean</type>
        <namespace>http://www.w3.org/2001/XMLSchema</namespace>
      </inputParam>
      <inputParam>
        <name>Rash</name>
        <type>boolean</type>
        <namespace>http://www.w3.org/2001/XMLSchema</namespace>
      </inputParam>
      <inputParam>
        <name>Wound</name>
        <type>boolean</type>
        <namespace>http://www.w3.org/2001/XMLSchema</namespace>
      </inputParam>
      <inputParam>
        <name>Name</name>
        <type>string</type>
        <namespace>http://www.w3.org/2001/XMLSchema</namespace>
      </inputParam>
      <inputParam>
        <name>AbdominalPain</name>
        <type>boolean</type>
        <namespace>http://www.w3.org/2001/XMLSchema</namespace>
      </inputParam>
      <inputParam>
        <name>Fracture</name>
        <type>boolean</type>
        <namespace>http://www.w3.org/2001/XMLSchema</namespace>
      </inputParam>
      <outputParam>
        <name>Fever</name>
        <type>boolean</type>
        <namespace>http://www.w3.org/2001/XMLSchema</namespace>
      </outputParam>
      <outputParam>
        <name>Rash</name>
        <type>boolean</type>
        <namespace>http://www.w3.org/2001/XMLSchema</namespace>
      </outputParam>
      <outputParam>
        <name>Wound</name>
        <type>boolean</type>
        <namespace>http://www.w3.org/2001/XMLSchema</namespace>
      </outputParam>
      <outputParam>
        <name>AbdominalPain</name>
        <type>boolean</type>
        <namespace>http://www.w3.org/2001/XMLSchema</namespace>
      </outputParam>
      <outputParam>
        <name>Fracture</name>
        <type>boolean</type>
        <namespace>http://www.w3.org/2001/XMLSchema</namespace>
      </outputParam>
    </decomposition>
    <decomposition id="Discharge" xsi:type="WebServiceGatewayFactsType">
      <inputParam>
        <name>PatientID</name>
        <type>string</type>
        <namespace>http://www.w3.org/2001/XMLSchema</namespace>
      </inputParam>
      <inputParam>
        <name>Notes</name>
        <type>string</type>
        <namespace>http://www.w3.org/2001/XMLSchema</namespace>
      </inputParam>
      <inputParam>
        <name>Pharmacy</name>
        <type>string</type>
        <namespace>http://www.w3.org/2001/XMLSchema</namespace>
      </inputParam>
      <inputParam>
        <name>Name</name>
        <type>string</type>
        <namespace>http://www.w3.org/2001/XMLSchema</namespace>
      </inputParam>
      <inputParam>
        <name>Treatment</name>
        <type>string</type>
        <namespace>http://www.w3.org/2001/XMLSchema</namespace>
      </inputParam>
      <outputParam>
        <name>Notes</name>
        <type>string</type>
        <namespace>http://www.w3.org/2001/XMLSchema</namespace>
      </outputParam>
    </decomposition>
    <decomposition id="Admit" xsi:type="WebServiceGatewayFactsType">
      <inputParam>
        <name>DiastolicBP</name>
        <type>long</type>
        <namespace>http://www.w3.org/2001/XMLSchema</namespace>
      </inputParam>
      <inputParam>
        <name>PatientID</name>
        <type>string</type>
        <namespace>http://www.w3.org/2001/XMLSchema</namespace>
      </inputParam>
      <inputParam>
        <name>Height</name>
        <type>double</type>
        <namespace>http://www.w3.org/2001/XMLSchema</namespace>
      </inputParam>
      <inputParam>
        <name>HeartRate</name>
        <type>long</type>
        <namespace>http://www.w3.org/2001/XMLSchema</namespace>
      </inputParam>
      <inputParam>
        <name>SystolicBP</name>
        <type>long</type>
        <namespace>http://www.w3.org/2001/XMLSchema</namespace>
      </inputParam>
      <inputParam>
        <name>Name</name>
        <type>string</type>
        <namespace>http://www.w3.org/2001/XMLSchema</namespace>
      </inputParam>
      <inputParam>
        <name>Age</name>
        <type>long</type>
        <namespace>http://www.w3.org/2001/XMLSchema</namespace>
      </inputParam>
      <outputParam>
        <name>Weight</name>
        <type>long</type>
        <namespace>http://www.w3.org/2001/XMLSchema</namespace>
      </outputParam>
      <outputParam>
        <name>DiastolicBP</name>
        <type>long</type>
        <namespace>http://www.w3.org/2001/XMLSchema</namespace>
      </outputParam>
      <outputParam>
        <name>Sex</name>
        <type>string</type>
        <namespace>http://www.w3.org/2001/XMLSchema</namespace>
      </outputParam>
      <outputParam>
        <name>Height</name>
        <type>double</type>
        <namespace>http://www.w3.org/2001/XMLSchema</namespace>
      </outputParam>
      <outputParam>
        <name>HeartRate</name>
        <type>long</type>
        <namespace>http://www.w3.org/2001/XMLSchema</namespace>
      </outputParam>
      <outputParam>
        <name>SystolicBP</name>
        <type>long</type>
        <namespace>http://www.w3.org/2001/XMLSchema</namespace>
      </outputParam>
      <outputParam>
        <name>Age</name>
        <type>long</type>
        <namespace>http://www.w3.org/2001/XMLSchema</namespace>
      </outputParam>
    </decomposition>
  </specification>
</specificationSet>


