<?xml version="1.0" encoding="UTF-8"?>
<specificationSet xmlns="http://www.yawl.fit.qut.edu.au/" xmlns:xsi="http://www.w3.org/2001/XMLSchema-instance" version="Beta 7.1" xsi:schemaLocation="http://www.yawl.fit.qut.edu.au/ d:/yawl/schema/YAWL_SchemaBeta7.1.xsd">
  <specification uri="TestCancelItem">
    <metaData>
      <title>TestCancelItem</title>
      <creator>Adams</creator>
      <description>Test of workitem cancel exception action - B is cancelled as a pre-constraint failure</description>
      <version>0.1</version>
    </metaData>
    <schema xmlns="http://www.w3.org/2001/XMLSchema" />
    <decomposition id="TestCancelItem" isRootNet="true" xsi:type="NetFactsType">
      <processControlElements>
        <inputCondition id="InputCondition_1">
          <flowsInto>
            <nextElementRef id="A_3" />
          </flowsInto>
        </inputCondition>
        <task id="A_3">
          <flowsInto>
            <nextElementRef id="B_5" />
          </flowsInto>
          <join code="xor" />
          <split code="and" />
          <decomposesTo id="A" />
        </task>
        <task id="B_5">
          <flowsInto>
            <nextElementRef id="C_4" />
          </flowsInto>
          <join code="xor" />
          <split code="and" />
          <decomposesTo id="B" />
        </task>
        <task id="C_4">
          <flowsInto>
            <nextElementRef id="OutputCondition_2" />
          </flowsInto>
          <join code="xor" />
          <split code="and" />
          <decomposesTo id="C" />
        </task>
        <outputCondition id="OutputCondition_2" />
      </processControlElements>
    </decomposition>
    <decomposition id="A" xsi:type="WebServiceGatewayFactsType" />
    <decomposition id="C" xsi:type="WebServiceGatewayFactsType" />
    <decomposition id="B" xsi:type="WebServiceGatewayFactsType" />
  </specification>
</specificationSet>


