<?xml version="1.0" encoding="UTF-8"?>
<specificationSet xmlns="http://www.citi.qut.edu.au/yawl" xmlns:xsi="http://www.w3.org/2001/XMLSchema-instance" version="Beta 4" xsi:schemaLocation="http://www.citi.qut.edu.au/yawl d:/yawl/schema/YAWL_SchemaBeta4.xsd">
  <specification uri="TreatRash">
  	<name>Treat Rash</name>
  	<documentation>Worklet to treat a rash</documentation>
    <metaData />
    <schema xmlns="http://www.w3.org/2001/XMLSchema" />
    <decomposition id="TreatRash" isRootNet="true" xsi:type="NetFactsType">
      <inputParam>
        <name>PatientID</name>
        <type>string</type>
        <namespace>http://www.w3.org/2001/XMLSchema</namespace>
      </inputParam>
      <inputParam>
        <name>Notes</name>
        <type>string</type>
        <namespace>http://www.w3.org/2001/XMLSchema</namespace>
      </inputParam>
      <inputParam>
        <name>Rash</name>
        <type>boolean</type>
        <namespace>http://www.w3.org/2001/XMLSchema</namespace>
      </inputParam>
      <inputParam>
        <name>Pharmacy</name>
        <type>string</type>
        <namespace>http://www.w3.org/2001/XMLSchema</namespace>
      </inputParam>
      <inputParam>
        <name>Name</name>
        <type>string</type>
        <namespace>http://www.w3.org/2001/XMLSchema</namespace>
      </inputParam>
      <inputParam>
        <name>Treatment</name>
        <type>string</type>
        <namespace>http://www.w3.org/2001/XMLSchema</namespace>
      </inputParam>
      <outputParam>
        <name>Notes</name>
        <type>string</type>
        <namespace>http://www.w3.org/2001/XMLSchema</namespace>
      </outputParam>
      <outputParam>
        <name>Pharmacy</name>
        <type>string</type>
        <namespace>http://www.w3.org/2001/XMLSchema</namespace>
      </outputParam>
      <outputParam>
        <name>Treatment</name>
        <type>string</type>
        <namespace>http://www.w3.org/2001/XMLSchema</namespace>
      </outputParam>
      <processControlElements>
        <inputCondition id="0_InputCondition">
          <flowsInto>
            <nextElementRef id="3_Test_Rash" />
          </flowsInto>
        </inputCondition>
        <task id="3_Test_Rash">
          <flowsInto>
            <nextElementRef id="2_Treat_Rash" />
          </flowsInto>
          <join code="xor" />
          <split code="and" />
          <startingMappings>
            <mapping>
              <expression query="&lt;PatientID&gt;{/TreatRash/PatientID/text()}&lt;/PatientID&gt;" />
              <mapsTo>PatientID</mapsTo>
            </mapping>
            <mapping>
              <expression query="&lt;Notes&gt;{/TreatRash/Notes/text()}&lt;/Notes&gt;" />
              <mapsTo>Notes</mapsTo>
            </mapping>
            <mapping>
              <expression query="&lt;Rash&gt;{/TreatRash/Rash/text()}&lt;/Rash&gt;" />
              <mapsTo>Rash</mapsTo>
            </mapping>
            <mapping>
              <expression query="&lt;Name&gt;{/TreatRash/Name/text()}&lt;/Name&gt;" />
              <mapsTo>Name</mapsTo>
            </mapping>
          </startingMappings>
          <completedMappings>
            <mapping>
              <expression query="&lt;Notes&gt;{/Test_Rash/Notes/text()}&lt;/Notes&gt;" />
              <mapsTo>Notes</mapsTo>
            </mapping>
          </completedMappings>
          <decomposesTo id="Test_Rash" />
        </task>
        <task id="2_Treat_Rash">
          <flowsInto>
            <nextElementRef id="1_OutputCondition" />
          </flowsInto>
          <join code="xor" />
          <split code="and" />
          <startingMappings>
            <mapping>
              <expression query="&lt;PatientID&gt;{/TreatRash/PatientID/text()}&lt;/PatientID&gt;" />
              <mapsTo>PatientID</mapsTo>
            </mapping>
            <mapping>
              <expression query="&lt;Notes&gt;{/TreatRash/Notes/text()}&lt;/Notes&gt;" />
              <mapsTo>Notes</mapsTo>
            </mapping>
            <mapping>
              <expression query="&lt;Pharmacy&gt;{/TreatRash/Pharmacy/text()}&lt;/Pharmacy&gt;" />
              <mapsTo>Pharmacy</mapsTo>
            </mapping>
            <mapping>
              <expression query="&lt;Name&gt;{/TreatRash/Name/text()}&lt;/Name&gt;" />
              <mapsTo>Name</mapsTo>
            </mapping>
            <mapping>
              <expression query="&lt;Treatment&gt;{/TreatRash/Treatment/text()}&lt;/Treatment&gt;" />
              <mapsTo>Treatment</mapsTo>
            </mapping>
          </startingMappings>
          <completedMappings>
            <mapping>
              <expression query="&lt;Pharmacy&gt;{/Treat_Rash/Pharmacy/text()}&lt;/Pharmacy&gt;" />
              <mapsTo>Pharmacy</mapsTo>
            </mapping>
            <mapping>
              <expression query="&lt;Notes&gt;{/Treat_Rash/Notes/text()}&lt;/Notes&gt;" />
              <mapsTo>Notes</mapsTo>
            </mapping>
            <mapping>
              <expression query="&lt;Treatment&gt;{/Treat_Rash/Treatment/text()}&lt;/Treatment&gt;" />
              <mapsTo>Treatment</mapsTo>
            </mapping>
          </completedMappings>
          <decomposesTo id="Treat_Rash" />
        </task>
        <outputCondition id="1_OutputCondition" />
      </processControlElements>
    </decomposition>
    <decomposition id="Test_Rash" xsi:type="WebServiceGatewayFactsType">
      <inputParam>
        <name>PatientID</name>
        <type>string</type>
        <namespace>http://www.w3.org/2001/XMLSchema</namespace>
      </inputParam>
      <inputParam>
        <name>Notes</name>
        <type>string</type>
        <namespace>http://www.w3.org/2001/XMLSchema</namespace>
      </inputParam>
      <inputParam>
        <name>Rash</name>
        <type>boolean</type>
        <namespace>http://www.w3.org/2001/XMLSchema</namespace>
      </inputParam>
      <inputParam>
        <name>Name</name>
        <type>string</type>
        <namespace>http://www.w3.org/2001/XMLSchema</namespace>
      </inputParam>
      <outputParam>
        <name>Notes</name>
        <type>string</type>
        <namespace>http://www.w3.org/2001/XMLSchema</namespace>
      </outputParam>
    </decomposition>
    <decomposition id="Treat_Rash" xsi:type="WebServiceGatewayFactsType">
      <inputParam>
        <name>PatientID</name>
        <type>string</type>
        <namespace>http://www.w3.org/2001/XMLSchema</namespace>
      </inputParam>
      <inputParam>
        <name>Notes</name>
        <type>string</type>
        <namespace>http://www.w3.org/2001/XMLSchema</namespace>
      </inputParam>
      <inputParam>
        <name>Pharmacy</name>
        <type>string</type>
        <namespace>http://www.w3.org/2001/XMLSchema</namespace>
      </inputParam>
      <inputParam>
        <name>Name</name>
        <type>string</type>
        <namespace>http://www.w3.org/2001/XMLSchema</namespace>
      </inputParam>
      <inputParam>
        <name>Treatment</name>
        <type>string</type>
        <namespace>http://www.w3.org/2001/XMLSchema</namespace>
      </inputParam>
      <outputParam>
        <name>Notes</name>
        <type>string</type>
        <namespace>http://www.w3.org/2001/XMLSchema</namespace>
      </outputParam>
      <outputParam>
        <name>Pharmacy</name>
        <type>string</type>
        <namespace>http://www.w3.org/2001/XMLSchema</namespace>
      </outputParam>
      <outputParam>
        <name>Treatment</name>
        <type>string</type>
        <namespace>http://www.w3.org/2001/XMLSchema</namespace>
      </outputParam>
    </decomposition>
  </specification>
</specificationSet>


