<?xml version="1.0" encoding="UTF-8"?>
<specificationSet xmlns="http://www.yawl.fit.qut.edu.au/" xmlns:xsi="http://www.w3.org/2001/XMLSchema-instance" version="Beta 4" xsi:schemaLocation="http://www.yawl.fit.qut.edu.au/ d:/yawl/schema/YAWL_SchemaBeta4.xsd">
  <specification uri="TreatWound">
  	<name>Treat Wound</name>
  	<documentation>Worklet to treat a wound</documentation>

    <metaData />
    <schema xmlns="http://www.w3.org/2001/XMLSchema" />
    <decomposition id="TreatWound" isRootNet="true" xsi:type="NetFactsType">
      <inputParam>
        <name>PatientID</name>
        <type>string</type>
        <namespace>http://www.w3.org/2001/XMLSchema</namespace>
      </inputParam>
      <inputParam>
        <name>Notes</name>
        <type>string</type>
        <namespace>http://www.w3.org/2001/XMLSchema</namespace>
      </inputParam>
      <inputParam>
        <name>Wound</name>
        <type>boolean</type>
        <namespace>http://www.w3.org/2001/XMLSchema</namespace>
      </inputParam>
      <inputParam>
        <name>Pharmacy</name>
        <type>string</type>
        <namespace>http://www.w3.org/2001/XMLSchema</namespace>
      </inputParam>
      <inputParam>
        <name>Name</name>
        <type>string</type>
        <namespace>http://www.w3.org/2001/XMLSchema</namespace>
      </inputParam>
      <inputParam>
        <name>Treatment</name>
        <type>string</type>
        <namespace>http://www.w3.org/2001/XMLSchema</namespace>
      </inputParam>
      <outputParam>
        <name>Notes</name>
        <type>string</type>
        <namespace>http://www.w3.org/2001/XMLSchema</namespace>
      </outputParam>
      <outputParam>
        <name>Pharmacy</name>
        <type>string</type>
        <namespace>http://www.w3.org/2001/XMLSchema</namespace>
      </outputParam>
      <outputParam>
        <name>Treatment</name>
        <type>string</type>
        <namespace>http://www.w3.org/2001/XMLSchema</namespace>
      </outputParam>
      <processControlElements>
        <inputCondition id="0_InputCondition">
          <flowsInto>
            <nextElementRef id="2_Test_Wound" />
          </flowsInto>
        </inputCondition>
        <task id="2_Test_Wound">
          <flowsInto>
            <nextElementRef id="3_Treat_Wound" />
          </flowsInto>
          <join code="xor" />
          <split code="and" />
          <startingMappings>
            <mapping>
              <expression query="&lt;PatientID&gt;{/TreatWound/PatientID/text()}&lt;/PatientID&gt;" />
              <mapsTo>PatientID</mapsTo>
            </mapping>
            <mapping>
              <expression query="&lt;Notes&gt;{/TreatWound/Notes/text()}&lt;/Notes&gt;" />
              <mapsTo>Notes</mapsTo>
            </mapping>
            <mapping>
              <expression query="&lt;Wound&gt;{/TreatWound/Wound/text()}&lt;/Wound&gt;" />
              <mapsTo>Wound</mapsTo>
            </mapping>
            <mapping>
              <expression query="&lt;Name&gt;{/TreatWound/Name/text()}&lt;/Name&gt;" />
              <mapsTo>Name</mapsTo>
            </mapping>
          </startingMappings>
          <completedMappings>
            <mapping>
              <expression query="&lt;Notes&gt;{/Test_Wound/Notes/text()}&lt;/Notes&gt;" />
              <mapsTo>Notes</mapsTo>
            </mapping>
          </completedMappings>
          <decomposesTo id="Test_Wound" />
        </task>
        <task id="3_Treat_Wound">
          <flowsInto>
            <nextElementRef id="1_OutputCondition" />
          </flowsInto>
          <join code="xor" />
          <split code="and" />
          <startingMappings>
            <mapping>
              <expression query="&lt;PatientID&gt;{/TreatWound/PatientID/text()}&lt;/PatientID&gt;" />
              <mapsTo>PatientID</mapsTo>
            </mapping>
            <mapping>
              <expression query="&lt;Notes&gt;{/TreatWound/Notes/text()}&lt;/Notes&gt;" />
              <mapsTo>Notes</mapsTo>
            </mapping>
            <mapping>
              <expression query="&lt;Pharmacy&gt;{/TreatWound/Pharmacy/text()}&lt;/Pharmacy&gt;" />
              <mapsTo>Pharmacy</mapsTo>
            </mapping>
            <mapping>
              <expression query="&lt;Name&gt;{/TreatWound/Name/text()}&lt;/Name&gt;" />
              <mapsTo>Name</mapsTo>
            </mapping>
            <mapping>
              <expression query="&lt;Treatment&gt;{/TreatWound/Treatment/text()}&lt;/Treatment&gt;" />
              <mapsTo>Treatment</mapsTo>
            </mapping>
          </startingMappings>
          <completedMappings>
            <mapping>
              <expression query="&lt;Notes&gt;{/Treat_Wound/Notes/text()}&lt;/Notes&gt;" />
              <mapsTo>Notes</mapsTo>
            </mapping>
            <mapping>
              <expression query="&lt;Treatment&gt;{/Treat_Wound/Treatment/text()}&lt;/Treatment&gt;" />
              <mapsTo>Treatment</mapsTo>
            </mapping>
            <mapping>
              <expression query="&lt;Pharmacy&gt;{/Treat_Wound/Pharmacy/text()}&lt;/Pharmacy&gt;" />
              <mapsTo>Pharmacy</mapsTo>
            </mapping>
          </completedMappings>
          <decomposesTo id="Treat_Wound" />
        </task>
        <outputCondition id="1_OutputCondition" />
      </processControlElements>
    </decomposition>
    <decomposition id="Treat_Wound" xsi:type="WebServiceGatewayFactsType">
      <inputParam>
        <name>PatientID</name>
        <type>string</type>
        <namespace>http://www.w3.org/2001/XMLSchema</namespace>
      </inputParam>
      <inputParam>
        <name>Notes</name>
        <type>string</type>
        <namespace>http://www.w3.org/2001/XMLSchema</namespace>
      </inputParam>
      <inputParam>
        <name>Pharmacy</name>
        <type>string</type>
        <namespace>http://www.w3.org/2001/XMLSchema</namespace>
      </inputParam>
      <inputParam>
        <name>Name</name>
        <type>string</type>
        <namespace>http://www.w3.org/2001/XMLSchema</namespace>
      </inputParam>
      <inputParam>
        <name>Treatment</name>
        <type>string</type>
        <namespace>http://www.w3.org/2001/XMLSchema</namespace>
      </inputParam>
      <outputParam>
        <name>Notes</name>
        <type>string</type>
        <namespace>http://www.w3.org/2001/XMLSchema</namespace>
      </outputParam>
      <outputParam>
        <name>Pharmacy</name>
        <type>string</type>
        <namespace>http://www.w3.org/2001/XMLSchema</namespace>
      </outputParam>
      <outputParam>
        <name>Treatment</name>
        <type>string</type>
        <namespace>http://www.w3.org/2001/XMLSchema</namespace>
      </outputParam>
    </decomposition>
    <decomposition id="Test_Wound" xsi:type="WebServiceGatewayFactsType">
      <inputParam>
        <name>PatientID</name>
        <type>string</type>
        <namespace>http://www.w3.org/2001/XMLSchema</namespace>
      </inputParam>
      <inputParam>
        <name>Notes</name>
        <type>string</type>
        <namespace>http://www.w3.org/2001/XMLSchema</namespace>
      </inputParam>
      <inputParam>
        <name>Wound</name>
        <type>boolean</type>
        <namespace>http://www.w3.org/2001/XMLSchema</namespace>
      </inputParam>
      <inputParam>
        <name>Name</name>
        <type>string</type>
        <namespace>http://www.w3.org/2001/XMLSchema</namespace>
      </inputParam>
      <outputParam>
        <name>Notes</name>
        <type>string</type>
        <namespace>http://www.w3.org/2001/XMLSchema</namespace>
      </outputParam>
    </decomposition>
  </specification>
</specificationSet>


