<?xml version="1.0"?>

<Configuration>

  <!-- Optional. This represents the default configuration  -->
  <ServerConfiguration host="localhost" embeddedJNDI="true" />
  
  <Connectors>
    <Connector scheme="tcp">
      <ConnectionFactories>
        <ConnectionFactory name="ConnectionFactory" />
      </ConnectionFactories>
    </Connector>
    <Connector scheme="rmi">
      <ConnectionFactories>
        <QueueConnectionFactory name="JmsQueueConnectionFactory" />
        <TopicConnectionFactory name="JmsTopicConnectionFactory" />
      </ConnectionFactories>
    </Connector>
  </Connectors>
    
  <!-- Required  -->
  <DatabaseConfiguration>
    <RdbmsDatabaseConfiguration
      driver="@JDBC.DRIVER@"
      url="@JDBC.URL@" 
      user="@JDBC.USER@" 
      password="@JDBC.PASSWORD@"/>
  </DatabaseConfiguration>

  <!-- Required -->    
  <AdminConfiguration script="${openjms.home}\bin\startup.bat" />
    
  <!-- Optional. If not specified, no destinations will be created -->
  <AdministeredDestinations>
    <AdministeredTopic name="topic1">
      <Subscriber name="sub1" />
      <Subscriber name="sub2" />
    </AdministeredTopic>
  
    <AdministeredQueue name="queue1" />
    <AdministeredQueue name="queue2" />
    <AdministeredQueue name="queue3" />
  </AdministeredDestinations>

  <!-- Optional. If not specified, no users will be created -->
  <Users>
    <User name="admin" password="openjms" /> 
  </Users>

</Configuration>
