<?xml version="1.0" encoding="UTF-8"?>
<specificationSet xmlns="http://www.citi.qut.edu.au/yawl" xmlns:xsi="http://www.w3.org/2001/XMLSchema-instance" version="Beta 7.1" xsi:schemaLocation="http://www.citi.qut.edu.au/yawl d:/yawl/schema/YAWL_SchemaBeta7.1.xsd">
  <specification uri="CancelOrder">
    <metaData>
      <title>CancelOrder</title>
      <creator>Adams</creator>
      <description>Cancel an orderwhere no payment was received before timeout.</description>
      <version>0.1</version>
    </metaData>
    <schema xmlns="http://www.w3.org/2001/XMLSchema" />
    <decomposition id="CancelOrder" isRootNet="true" xsi:type="NetFactsType">
      <inputParam>
        <name>Item</name>
        <type>string</type>
        <namespace>http://www.w3.org/2001/XMLSchema</namespace>
      </inputParam>
      <inputParam>
        <name>Name</name>
        <type>string</type>
        <namespace>http://www.w3.org/2001/XMLSchema</namespace>
      </inputParam>
      <inputParam>
        <name>OrderNum</name>
        <type>string</type>
        <namespace>http://www.w3.org/2001/XMLSchema</namespace>
      </inputParam>
      <outputParam>
        <name>Item</name>
        <type>string</type>
        <namespace>http://www.w3.org/2001/XMLSchema</namespace>
      </outputParam>
      <outputParam>
        <name>Name</name>
        <type>string</type>
        <namespace>http://www.w3.org/2001/XMLSchema</namespace>
      </outputParam>
      <outputParam>
        <name>OrderNum</name>
        <type>string</type>
        <namespace>http://www.w3.org/2001/XMLSchema</namespace>
      </outputParam>
      <processControlElements>
        <inputCondition id="InputCondition_1">
          <flowsInto>
            <nextElementRef id="File_Cancellation_3" />
          </flowsInto>
        </inputCondition>
        <task id="File_Cancellation_3">
          <flowsInto>
            <nextElementRef id="OutputCondition_2" />
          </flowsInto>
          <join code="xor" />
          <split code="and" />
          <startingMappings>
            <mapping>
              <expression query="&lt;Item&gt;{/CancelOrder/Item/text()}&lt;/Item&gt;" />
              <mapsTo>Item</mapsTo>
            </mapping>
            <mapping>
              <expression query="&lt;Name&gt;{/CancelOrder/Name/text()}&lt;/Name&gt;" />
              <mapsTo>Name</mapsTo>
            </mapping>
            <mapping>
              <expression query="&lt;OrderNum&gt;{/CancelOrder/OrderNum/text()}&lt;/OrderNum&gt;" />
              <mapsTo>OrderNum</mapsTo>
            </mapping>
          </startingMappings>
          <completedMappings>
            <mapping>
              <expression query="&lt;Item&gt;{/File_Cancellation/Item/text()}&lt;/Item&gt;" />
              <mapsTo>Item</mapsTo>
            </mapping>
            <mapping>
              <expression query="&lt;Name&gt;{/File_Cancellation/Name/text()}&lt;/Name&gt;" />
              <mapsTo>Name</mapsTo>
            </mapping>
            <mapping>
              <expression query="&lt;OrderNum&gt;{/File_Cancellation/OrderNum/text()}&lt;/OrderNum&gt;" />
              <mapsTo>OrderNum</mapsTo>
            </mapping>
          </completedMappings>
          <decomposesTo id="File_Cancellation" />
        </task>
        <outputCondition id="OutputCondition_2" />
      </processControlElements>
    </decomposition>
    <decomposition id="File_Cancellation" xsi:type="WebServiceGatewayFactsType">
      <inputParam>
        <name>Item</name>
        <type>string</type>
        <namespace>http://www.w3.org/2001/XMLSchema</namespace>
      </inputParam>
      <inputParam>
        <name>Name</name>
        <type>string</type>
        <namespace>http://www.w3.org/2001/XMLSchema</namespace>
      </inputParam>
      <inputParam>
        <name>OrderNum</name>
        <type>string</type>
        <namespace>http://www.w3.org/2001/XMLSchema</namespace>
      </inputParam>
      <outputParam>
        <name>Item</name>
        <type>string</type>
        <namespace>http://www.w3.org/2001/XMLSchema</namespace>
      </outputParam>
      <outputParam>
        <name>Name</name>
        <type>string</type>
        <namespace>http://www.w3.org/2001/XMLSchema</namespace>
      </outputParam>
      <outputParam>
        <name>OrderNum</name>
        <type>string</type>
        <namespace>http://www.w3.org/2001/XMLSchema</namespace>
      </outputParam>
    </decomposition>
  </specification>
</specificationSet>


