<?xml version="1.0" encoding="UTF-8"?>
<specificationSet xmlns="http://www.citi.qut.edu.au/yawl" xmlns:xsi="http://www.w3.org/2001/XMLSchema-instance" version="Beta 7.1" xsi:schemaLocation="http://www.citi.qut.edu.au/yawl d:/yawl/schema/YAWL_SchemaBeta7.1.xsd">
  <specification uri="TimeoutTest">
    <metaData>
      <title>TimeoutTest</title>
      <creator>Adams</creator>
      <description>Testing timeout exception</description>
      <version>0.1</version>
    </metaData>
    <schema xmlns="http://www.w3.org/2001/XMLSchema" />
    <decomposition id="TimeoutTest" isRootNet="true" xsi:type="NetFactsType">
      <localVariable>
        <name>dummy</name>
        <type>string</type>
        <namespace>http://www.w3.org/2001/XMLSchema</namespace>
        <initialValue>dummy</initialValue>
      </localVariable>
      <localVariable>
        <name>time</name>
        <type>string</type>
        <namespace>http://www.w3.org/2001/XMLSchema</namespace>
        <initialValue>5000</initialValue>
      </localVariable>
      <processControlElements>
        <inputCondition id="InputCondition_1">
          <flowsInto>
            <nextElementRef id="wait_4" />
          </flowsInto>
        </inputCondition>
        <task id="wait_4">
          <flowsInto>
            <nextElementRef id="next_3" />
          </flowsInto>
          <join code="xor" />
          <split code="and" />
          <startingMappings>
            <mapping>
              <expression query="&lt;time&gt;{/TimeoutTest/time/text()}&lt;/time&gt;" />
              <mapsTo>time</mapsTo>
            </mapping>
          </startingMappings>
          <decomposesTo id="wait" />
        </task>
        <task id="next_3">
          <flowsInto>
            <nextElementRef id="OutputCondition_2" />
          </flowsInto>
          <join code="xor" />
          <split code="and" />
          <startingMappings>
            <mapping>
              <expression query="&lt;dummy&gt;{/TimeoutTest/dummy/text()}&lt;/dummy&gt;" />
              <mapsTo>dummy</mapsTo>
            </mapping>
          </startingMappings>
          <decomposesTo id="next" />
        </task>
        <outputCondition id="OutputCondition_2" />
      </processControlElements>
    </decomposition>
    <decomposition id="next" xsi:type="WebServiceGatewayFactsType">
      <inputParam>
        <name>dummy</name>
        <type>string</type>
        <namespace>http://www.w3.org/2001/XMLSchema</namespace>
      </inputParam>
      <outputParam>
        <name>dummy</name>
        <type>string</type>
        <namespace>http://www.w3.org/2001/XMLSchema</namespace>
      </outputParam>
    </decomposition>
    <decomposition id="wait" xsi:type="WebServiceGatewayFactsType">
      <inputParam>
        <name>time</name>
        <type>string</type>
        <namespace>http://www.w3.org/2001/XMLSchema</namespace>
      </inputParam>
      <yawlService id="http://localhost:8080/timeService/ib" />
    </decomposition>
  </specification>
</specificationSet>


