2005.12.11 11:42:04,CheckOutWorkItem,2.3,Casualty_Treatment,3_Treat,
2005.12.11 11:42:07,WorkletLaunched,3,TreatRash,,2.3
2005.12.11 11:43:47,WorkletCancelled,3,TreatRash,,2.3
2005.12.11 11:48:11,CheckOutWorkItem,4.3,Casualty_Treatment,3_Treat,
2005.12.11 11:48:14,WorkletLaunched,5,TreatRash,,4.3
2005.12.11 11:48:35,WorkletCompleted,5,TreatRash,,4.3
2005.12.11 11:48:37,CheckInWorkItem,4.3,Casualty_Treatment,3_Treat,
2005.12.11 12:01:57,CheckOutWorkItem,6.3,wListMaker,3_Verify_list,
2005.12.11 12:01:57,CheckOutWorkItem,6.4,wListMaker,3_Verify_list,
2005.12.11 12:01:57,CheckOutWorkItem,6.2,wListMaker,3_Verify_list,
2005.12.11 12:01:58,WorkletLaunched,7,BobTwo,,6.3
2005.12.11 12:01:59,WorkletLaunched,8,BobThree,,6.4
2005.12.11 12:02:01,WorkletLaunched,9,BobFour,,6.2
2005.12.11 12:02:26,WorkletCompleted,9,BobFour,,6.2
2005.12.11 12:02:26,CheckInWorkItem,6.2,wListMaker,3_Verify_list,
2005.12.11 12:02:37,WorkletCompleted,7,BobTwo,,6.3
2005.12.11 12:02:38,CheckInWorkItem,6.3,wListMaker,3_Verify_list,
2005.12.11 12:02:48,WorkletCompleted,8,BobThree,,6.4
2005.12.11 12:02:49,CheckInWorkItem,6.4,wListMaker,3_Verify_list,
