<?xml version="1.0"?>
<document>

  <properties>
    <title>Using Connectors</title>
    <author email="tma@netspace.net.au">Tim Anderson</author>
  </properties>

  <body>

    <section name="Overview">
      <p>
        OpenJMS provides connectivity via RMI, TCP, HTTP and SSL protocol 
        stacks using <em>connectors</em>.
      </p>

      <subsection name="Supported Connectors">
        <p>
          The following documents detail the supported connectors, and
          how to use them:
          <table>
            <tr><th>Connector</th><th>Description</th></tr>
            <tr>
              <td><a href="tcp.html">TCP</a></td>
              <td>
                Provides connectivity using TCP/IP sockets.
              </td>
            </tr>
            <tr>
              <td><a href="tcps.html">TCPS</a></td>
              <td>
                Provides connectivity using secure sockets.
              </td>
            </tr>
            <tr>
              <td><a href="rmi.html">RMI</a></td>
              <td>
                Provides connectivity using RMI.
              </td>
            </tr>
            <tr>
              <td><a href="http.html">HTTP</a></td>
              <td>
                Provides connectivity using HTTP.
              </td>
            </tr>
            <tr>
              <td><a href="https.html">HTTPS</a></td>
              <td>
                Provides connectivity using HTTP over secure sockets.
              </td>
            </tr>
            <tr>
              <td><a href="embedded.html">Embedded</a></td>
              <td>
                Provides connectivity within the same JVM.
              </td>
            </tr>
          </table>
        </p>
      </subsection>

    </section>

  </body>    
</document>
