<?xml version="1.0"?>
<document>

  <properties>
    <title>OpenJMS Code Examples</title>
    <author email="tma@netspace.net.au">Tim Anderson</author>
  </properties>

  <body>
    <section name="Overview">
      <p>
        The OpenJMS code examples demonstrate how to write simple applications 
        using JMS. <br/>
        The sources of these examples are located under the 
        <strong>examples/basic/</strong> directory.
      </p>
      <p>
        <table>
          <tr>
            <th>Name</th>
            <th>Description</th>
          </tr>
          <tr>
            <td>Sender.java</td>
            <td>Sends messages to a destination</td>
          </tr>
          <tr>
            <td>Receiver.java</td>
            <td>Synchronously receives messages from a destination</td>
          </tr>
          <tr>
            <td>Listener.java</td>
            <td>Asynchronously receives messages from a destination</td>
          </tr>
          <tr>
            <td>DurableSubscriber.java</td>
            <td>Durable topic subscriber</td>
          </tr>
          <tr>
            <td>Browser.java</td>
            <td>Browses a queue</td>
          </tr>
        </table>
      </p>
    </section>

    <section name="Building the examples">
      <p>
        Helper scripts are provided to compile the examples with the 
        appropriate classpath. To run these, open a command prompt and type:
      </p>
      <p>
        <em>Windows</em>
        <source>
cd %OPENJMS_HOME%\examples\basic
build
        </source>
      </p>
      <p>
        <em>Unix</em>
        <source>
cd $OPENJMS_HOME/examples/basic
build.sh
        </source>
      </p>
    </section>

    <section name="Running the examples">
      <p>
        Helper scripts are also provided to run the examples. To run these, 
        open a command prompt and type:
      </p>
      <p>
        <em>Windows</em>
        <source>
run &lt;classname&gt;
        </source>
      </p>
      <p>
        <em>Unix</em>
        <source>
run.sh &lt;classname&gt;
        </source>
      </p>
    </section>

    <section name="Configuring the examples">
      <p>
        The examples connect to the OpenJMS server using properties specified 
        in an application resource file named <em>jndi.properties</em>:
      </p>
      <p>
        <source>
#
# JNDI configuration file used by the OpenJMS examples
#
# 
java.naming.provider.url=tcp://localhost:3035
java.naming.factory.initial=org.exolab.jms.jndi.InitialContextFactory
        </source>
      </p>       
      <p>
        This can be customised to change the connector the examples use
        to connect to the server.
      </p>
    </section>

  </body>

</document>
