<!-- This Ant build file illustrates how to process servlets.
     Usage: ant -f servlets.xml -->

<project name="Servlets" default="obfuscate" basedir="../..">

<target name="obfuscate">
  <taskdef resource="proguard/ant/task.properties"
           classpath="lib/proguard.jar" />

  <proguard printseeds="on">

    <!-- Specify the input jars, output jars, and library jars. -->

    <injar  file="in.jar" />
    <outjar file="out.jar" />

    <libraryjar file="${java.home}/lib/rt.jar" />

    <!-- Keep all public servlets. -->

    <keep access="public" implements="javax.servlet.Servlet" />

    <!-- Preserve all annotations. -->

    <keepattribute name="*Annotation*" />

    <!-- Preserve all native method names and the names of their classes. -->

    <keepclasseswithmembernames>
      <method access="native" />
    </keepclasseswithmembernames>
    
    <!-- Preserve a method that is required in all enumeration classes. -->
    
    <keepclassmembers extends="java.lang.Enum">
      <method access="public"
              type="**[]"
              name="values"
              parameters="" />
    </keepclassmembers>

    <!-- Explicitly preserve all serialization members. The Serializable
         interface is only a marker interface, so it wouldn't save them.
         You can comment this out if your library doesn't use serialization.
         If your code contains serializable classes that have to be backward
         compatible, please refer to the manual. -->

    <keepclassmembers implements="java.io.Serializable">
      <field  access    ="final"
              type      ="long"
              name      ="serialVersionUID" />
      <method access    ="private"
              type      ="void"
              name      ="writeObject"
              parameters="java.io.ObjectOutputStream" />
      <method access    ="private"
              type      ="void"
              name      ="readObject"
              parameters="java.io.ObjectOutputStream" />
      <method type      ="java.lang.Object"
              name      ="writeReplace"
              parameters="" />
      <method type      ="java.lang.Object"
              name      ="readResolve"
              parameters="" />
    </keepclassmembers>

    <!-- Your application may contain more items that need to be preserved;
         typically classes that are dynamically created using Class.forName -->
 
  </proguard>
</target>

</project>
